{
  "Standard": {
    "params": 2216136,
    "train_time": 92.77203967096284,
    "lengths": {
      "5": 0.018,
      "10": 0.024,
      "15": 0.01,
      "20": 0.012,
      "30": 0.004,
      "40": 0.006,
      "50": 0.016
    }
  },
  "Token-CoT": {
    "params": 2216136,
    "train_time": 149.07836127799237,
    "lengths": {
      "5": 1.0,
      "10": 1.0,
      "15": 1.0,
      "20": 1.0,
      "30": 0.002,
      "40": 0.014,
      "50": 0.0
    }
  },
  "Latent-Thought-v2": {
    "params": 2695313,
    "train_time": 2218.0409651910304,
    "lengths": {
      "5": 0.04,
      "10": 0.054,
      "15": 0.034,
      "20": 0.032,
      "30": 0.032,
      "40": 0.032,
      "50": 0.038
    }
  }
}